Spacecraft,Astronaut Name,Retrieved Time,Data Source,Country
ISS,Oleg Kononenko,2025-06-29 02:52:39.413005+00:00,Open Notify API,International
ISS,Nikolai Chub,2025-06-29 02:52:39.413005+00:00,Open Notify API,International
ISS,Tracy Caldwell Dyson,2025-06-29 02:52:39.413005+00:00,Open Notify API,International
ISS,Matthew Dominick,2025-06-29 02:52:39.413005+00:00,Open Notify API,International
ISS,Michael Barratt,2025-06-29 02:52:39.413005+00:00,Open Notify API,International
ISS,Jeanette Epps,2025-06-29 02:52:39.413005+00:00,Open Notify API,International
ISS,Alexander Grebenkin,2025-06-29 02:52:39.413005+00:00,Open Notify API,International
ISS,Butch Wilmore,2025-06-29 02:52:39.413005+00:00,Open Notify API,International
ISS,Sunita Williams,2025-06-29 02:52:39.413005+00:00,Open Notify API,International
Tiangong,Li Guangsu,2025-06-29 02:52:39.413005+00:00,Open Notify API,
Tiangong,Li Cong,2025-06-29 02:52:39.413005+00:00,Open Notify API,
Tiangong,Ye Guangfu,2025-06-29 02:52:39.413005+00:00,Open Notify API,
